Layer,Test Accuracy Total,Test Precision Total,Test Recall Total,Test F1-Score Total,Test Accuracy Male,Test Precision Male,Test Recall Male,Test F1-Score Male,Test Accuracy Female,Test Precision Female,Test Recall Female,Test F1-Score Female
layer_0_no_overlap,0.9406836461126006,0.9516468546083175,0.9406836461126006,0.9397045034832582,0.9925625422582827,0.9927405528435361,0.9925625422582827,0.9925646325737402,0.8897009966777408,0.9132369457540425,0.8897009966777408,0.8887479414877931
layer_5_no_overlap,0.9463806970509383,0.9485127103976074,0.9463806970509383,0.9443835801297055,0.9918864097363083,0.9952636607260829,0.9918864097363083,0.9935648970666545,0.9016611295681063,0.9064289451307734,0.9016611295681063,0.8979345668617017
layer_10_no_overlap,0.8883674153536708,0.8875202596340067,0.8883674153536708,0.8840356741338915,0.9581363943281567,0.9652596521054306,0.9581363943281567,0.96105680620163,0.8195739014647138,0.8415229555873754,0.8195739014647138,0.8234943639171453
layer_15_no_overlap,0.8414347971840429,0.8587683864565933,0.8414347971840429,0.8314578397532072,0.9264010803511141,0.9476330885163142,0.9264010803511141,0.9354786667263252,0.7576564580559254,0.8002958573050278,0.7576564580559254,0.7402014051725678
layer_20_no_overlap,0.890934352205627,0.901039548725853,0.890934352205627,0.8893331161297297,0.9505454545454546,0.9608648793347963,0.9505454545454546,0.9536223437672435,0.836436170212766,0.8612763221599927,0.836436170212766,0.8376841880199121
layer_24_no_overlap,0.7720415688903788,0.7576478534994033,0.7720415688903788,0.7276430216285537,0.8993881713120326,0.9360118965618421,0.8993881713120326,0.9018319191561088,0.6481481481481481,0.6215600279145725,0.6481481481481481,0.5778612703326523
