Layer,Test Accuracy Total,Test Precision Total,Test Recall Total,Test F1-Score Total,Test Accuracy Male,Test Precision Male,Test Recall Male,Test F1-Score Male,Test Accuracy Female,Test Precision Female,Test Recall Female,Test F1-Score Female
layer_0_no_overlap,0.9550938337801609,0.9552220678862188,0.9550938337801609,0.9549823913654998,0.9905341446923597,0.9945727778177903,0.9905341446923597,0.9925348472369945,0.920265780730897,0.9242321280612699,0.920265780730897,0.9218781452076262
layer_5_no_overlap,0.9758713136729222,0.9762781244003611,0.9758713136729222,0.9759627909569379,0.9986477349560514,0.9986570903288611,0.9986477349560514,0.9986474295692002,0.9534883720930233,0.9562450666322496,0.9534883720930233,0.9546581415275373
layer_10_no_overlap,0.9329534026148173,0.9331687827239038,0.9329534026148173,0.9326632855393635,0.9729912221471978,0.9844308391696855,0.9729912221471978,0.9785426353623101,0.8934753661784287,0.9025286743039346,0.8934753661784287,0.8972985400311706
layer_15_no_overlap,0.9336238685886691,0.9335935977245025,0.9336238685886691,0.9332533080566813,0.9763673193787981,0.9837949769540802,0.9763673193787981,0.9799793064522314,0.8914780292942743,0.8999739592278864,0.8914780292942743,0.8951306325457863
layer_20_no_overlap,0.9548454324418201,0.95524198711628,0.9548454324418201,0.9545054071611763,0.9861818181818182,0.9919919642146106,0.9861818181818182,0.9890178740953396,0.9261968085106383,0.9358310141472351,0.9261968085106383,0.9300072409143654
layer_24_no_overlap,0.8478042239356353,0.8490809017654312,0.8478042239356353,0.84778838721888,0.9095853161114887,0.9360911360902753,0.9095853161114887,0.9221201448283106,0.7876984126984127,0.8163483077305881,0.7876984126984127,0.8006931568624814
