Layer,Train Loss,Train Accuracy,Test Accuracy Total,Test Precision Total,Test Recall Total,Test F1-Score Total,Test Accuracy Male,Test Precision Male,Test Recall Male,Test F1-Score Male,Test Accuracy Female,Test Precision Female,Test Recall Female,Test F1-Score Female
layer_0_processed,0.13903686292378195,0.9464723926380368,0.9601349279362159,0.9605213318213628,0.9601349279362159,0.9600981229306021,0.9956413449564134,0.9969029545899152,0.9956413449564134,0.9962581790076047,0.9256797583081571,0.929921943203002,0.9256797583081571,0.9273440334624907
layer_5_processed,0.27980718969860496,0.8940184049079755,0.9598282735357252,0.9641733712604006,0.9598282735357252,0.9576210897490823,0.9968866749688667,0.997532052563044,0.9968866749688667,0.9971907790780246,0.9238670694864048,0.9326897136098414,0.9238670694864048,0.9197207303719173
layer_10_processed,0.5289609232077411,0.7855663777897078,0.901840490797546,0.9029556031998609,0.901840490797546,0.8980616955179219,0.9634760705289672,0.9704549811538331,0.9634760705289672,0.9661195490567539,0.8433014354066986,0.8503167377619256,0.8433014354066986,0.8390990275084583
layer_15_processed,0.20096176579667657,0.9190888871846,0.9171779141104295,0.9177528610142105,0.9171779141104295,0.9166503682099099,0.9704030226700252,0.9821284491548563,0.9704030226700252,0.9756806622733196,0.8666267942583732,0.8723864866743282,0.8666267942583732,0.8684827060700828
layer_20_processed,3.184683409391665,0.05813329243040111,0.05766871165644172,0.0033256803041138167,0.05766871165644172,0.006288699414971602,0.0,0.0,0.0,0.0,0.11244019138755981,0.012642796639271078,0.11244019138755981,0.022729845140711014
layer_24_processed,1.8807840744654338,0.34325381606197747,0.6730061349693252,0.6505366843680875,0.6730061349693252,0.6280148986848272,0.7695214105793451,0.839863272923253,0.7695214105793451,0.778372404921713,0.5813397129186603,0.5725618988940848,0.5813397129186603,0.5337492848470252
